ProductKey,Title,BrandName,Description,VariantName,VariantCode,Gtin
DEMO-P001,Pulse Wireless Earbuds,DemoTech,Compact wireless earbuds for everyday listening.,Black,DEMO-P001-V01,8800000000001
DEMO-P001,Pulse Wireless Earbuds,DemoTech,Compact wireless earbuds for everyday listening.,White,DEMO-P001-V02,8800000000002
DEMO-P001,Pulse Wireless Earbuds,DemoTech,Compact wireless earbuds for everyday listening.,Blue,DEMO-P001-V03,8800000000003
DEMO-P001,Pulse Wireless Earbuds,DemoTech,Compact wireless earbuds for everyday listening.,Green,DEMO-P001-V04,8800000000004
DEMO-P001,Pulse Wireless Earbuds,DemoTech,Compact wireless earbuds for everyday listening.,Rose,DEMO-P001-V05,8800000000005
DEMO-P002,Studio Over-Ear Headphones,DemoTech,Comfortable over-ear headphones with a padded headband.,Black,DEMO-P002-V01,8800000000006
DEMO-P002,Studio Over-Ear Headphones,DemoTech,Comfortable over-ear headphones with a padded headband.,Silver,DEMO-P002-V02,8800000000007
DEMO-P002,Studio Over-Ear Headphones,DemoTech,Comfortable over-ear headphones with a padded headband.,Navy,DEMO-P002-V03,8800000000008
DEMO-P002,Studio Over-Ear Headphones,DemoTech,Comfortable over-ear headphones with a padded headband.,Red,DEMO-P002-V04,8800000000009
DEMO-P002,Studio Over-Ear Headphones,DemoTech,Comfortable over-ear headphones with a padded headband.,Beige,DEMO-P002-V05,8800000000010
DEMO-P003,Active Smart Watch,DemoTech,Fitness-focused smart watch with daily activity tracking.,Black 40 mm,DEMO-P003-V01,8800000000011
DEMO-P003,Active Smart Watch,DemoTech,Fitness-focused smart watch with daily activity tracking.,Silver 40 mm,DEMO-P003-V02,8800000000012
DEMO-P003,Active Smart Watch,DemoTech,Fitness-focused smart watch with daily activity tracking.,Rose 40 mm,DEMO-P003-V03,8800000000013
DEMO-P003,Active Smart Watch,DemoTech,Fitness-focused smart watch with daily activity tracking.,Black 44 mm,DEMO-P003-V04,8800000000014
DEMO-P003,Active Smart Watch,DemoTech,Fitness-focused smart watch with daily activity tracking.,Silver 44 mm,DEMO-P003-V05,8800000000015
DEMO-P004,FastCharge Power Bank,DemoTech,Portable USB power bank for phones and accessories.,10000 mAh Black,DEMO-P004-V01,8800000000016
DEMO-P004,FastCharge Power Bank,DemoTech,Portable USB power bank for phones and accessories.,10000 mAh White,DEMO-P004-V02,8800000000017
DEMO-P004,FastCharge Power Bank,DemoTech,Portable USB power bank for phones and accessories.,20000 mAh Black,DEMO-P004-V03,8800000000018
DEMO-P004,FastCharge Power Bank,DemoTech,Portable USB power bank for phones and accessories.,20000 mAh Blue,DEMO-P004-V04,8800000000019
DEMO-P004,FastCharge Power Bank,DemoTech,Portable USB power bank for phones and accessories.,30000 mAh Black,DEMO-P004-V05,8800000000020
DEMO-P005,Mini Bluetooth Speaker,DemoTech,Portable Bluetooth speaker for indoor and outdoor use.,Black,DEMO-P005-V01,8800000000021
DEMO-P005,Mini Bluetooth Speaker,DemoTech,Portable Bluetooth speaker for indoor and outdoor use.,White,DEMO-P005-V02,8800000000022
DEMO-P005,Mini Bluetooth Speaker,DemoTech,Portable Bluetooth speaker for indoor and outdoor use.,Blue,DEMO-P005-V03,8800000000023
DEMO-P005,Mini Bluetooth Speaker,DemoTech,Portable Bluetooth speaker for indoor and outdoor use.,Orange,DEMO-P005-V04,8800000000024
DEMO-P005,Mini Bluetooth Speaker,DemoTech,Portable Bluetooth speaker for indoor and outdoor use.,Green,DEMO-P005-V05,8800000000025
DEMO-P006,Stride Running Shoes,UrbanStep,Lightweight running shoes with a breathable upper.,Size 7,DEMO-P006-V01,8800000000026
DEMO-P006,Stride Running Shoes,UrbanStep,Lightweight running shoes with a breathable upper.,Size 8,DEMO-P006-V02,8800000000027
DEMO-P006,Stride Running Shoes,UrbanStep,Lightweight running shoes with a breathable upper.,Size 9,DEMO-P006-V03,8800000000028
DEMO-P006,Stride Running Shoes,UrbanStep,Lightweight running shoes with a breathable upper.,Size 10,DEMO-P006-V04,8800000000029
DEMO-P006,Stride Running Shoes,UrbanStep,Lightweight running shoes with a breathable upper.,Size 11,DEMO-P006-V05,8800000000030
DEMO-P007,Street Casual Sneakers,UrbanStep,Everyday lace-up sneakers with a flexible sole.,Black 8,DEMO-P007-V01,8800000000031
DEMO-P007,Street Casual Sneakers,UrbanStep,Everyday lace-up sneakers with a flexible sole.,White 8,DEMO-P007-V02,8800000000032
DEMO-P007,Street Casual Sneakers,UrbanStep,Everyday lace-up sneakers with a flexible sole.,Black 9,DEMO-P007-V03,8800000000033
DEMO-P007,Street Casual Sneakers,UrbanStep,Everyday lace-up sneakers with a flexible sole.,White 9,DEMO-P007-V04,8800000000034
DEMO-P007,Street Casual Sneakers,UrbanStep,Everyday lace-up sneakers with a flexible sole.,Navy 10,DEMO-P007-V05,8800000000035
DEMO-P008,Essential Cotton T-Shirt,Everyday Co,Regular-fit cotton T-shirt for daily wear.,Small,DEMO-P008-V01,8800000000036
DEMO-P008,Essential Cotton T-Shirt,Everyday Co,Regular-fit cotton T-shirt for daily wear.,Medium,DEMO-P008-V02,8800000000037
DEMO-P008,Essential Cotton T-Shirt,Everyday Co,Regular-fit cotton T-shirt for daily wear.,Large,DEMO-P008-V03,8800000000038
DEMO-P008,Essential Cotton T-Shirt,Everyday Co,Regular-fit cotton T-shirt for daily wear.,XL,DEMO-P008-V04,8800000000039
DEMO-P008,Essential Cotton T-Shirt,Everyday Co,Regular-fit cotton T-shirt for daily wear.,XXL,DEMO-P008-V05,8800000000040
DEMO-P009,Classic Zip Hoodie,Everyday Co,Soft zip hoodie with pockets and an adjustable hood.,Small,DEMO-P009-V01,8800000000041
DEMO-P009,Classic Zip Hoodie,Everyday Co,Soft zip hoodie with pockets and an adjustable hood.,Medium,DEMO-P009-V02,8800000000042
DEMO-P009,Classic Zip Hoodie,Everyday Co,Soft zip hoodie with pockets and an adjustable hood.,Large,DEMO-P009-V03,8800000000043
DEMO-P009,Classic Zip Hoodie,Everyday Co,Soft zip hoodie with pockets and an adjustable hood.,XL,DEMO-P009-V04,8800000000044
DEMO-P009,Classic Zip Hoodie,Everyday Co,Soft zip hoodie with pockets and an adjustable hood.,XXL,DEMO-P009-V05,8800000000045
DEMO-P010,Metro Laptop Backpack,CarryWell,Laptop backpack with organized storage and padded straps.,Black 20 L,DEMO-P010-V01,8800000000046
DEMO-P010,Metro Laptop Backpack,CarryWell,Laptop backpack with organized storage and padded straps.,Navy 20 L,DEMO-P010-V02,8800000000047
DEMO-P010,Metro Laptop Backpack,CarryWell,Laptop backpack with organized storage and padded straps.,Grey 20 L,DEMO-P010-V03,8800000000048
DEMO-P010,Metro Laptop Backpack,CarryWell,Laptop backpack with organized storage and padded straps.,Black 28 L,DEMO-P010-V04,8800000000049
DEMO-P010,Metro Laptop Backpack,CarryWell,Laptop backpack with organized storage and padded straps.,Olive 28 L,DEMO-P010-V05,8800000000050
DEMO-P011,Steel Water Bottle,HomeNest,Reusable stainless-steel bottle for hot and cold drinks.,500 ml Black,DEMO-P011-V01,8800000000051
DEMO-P011,Steel Water Bottle,HomeNest,Reusable stainless-steel bottle for hot and cold drinks.,500 ml Blue,DEMO-P011-V02,8800000000052
DEMO-P011,Steel Water Bottle,HomeNest,Reusable stainless-steel bottle for hot and cold drinks.,750 ml Silver,DEMO-P011-V03,8800000000053
DEMO-P011,Steel Water Bottle,HomeNest,Reusable stainless-steel bottle for hot and cold drinks.,750 ml Green,DEMO-P011-V04,8800000000054
DEMO-P011,Steel Water Bottle,HomeNest,Reusable stainless-steel bottle for hot and cold drinks.,1 L Black,DEMO-P011-V05,8800000000055
DEMO-P012,Stoneware Coffee Mug,HomeNest,"Durable stoneware mug for coffee, tea, and cocoa.",White,DEMO-P012-V01,8800000000056
DEMO-P012,Stoneware Coffee Mug,HomeNest,"Durable stoneware mug for coffee, tea, and cocoa.",Black,DEMO-P012-V02,8800000000057
DEMO-P012,Stoneware Coffee Mug,HomeNest,"Durable stoneware mug for coffee, tea, and cocoa.",Blue,DEMO-P012-V03,8800000000058
DEMO-P012,Stoneware Coffee Mug,HomeNest,"Durable stoneware mug for coffee, tea, and cocoa.",Green,DEMO-P012-V04,8800000000059
DEMO-P012,Stoneware Coffee Mug,HomeNest,"Durable stoneware mug for coffee, tea, and cocoa.",Terracotta,DEMO-P012-V05,8800000000060
DEMO-P013,Focus LED Desk Lamp,BrightHome,Adjustable LED desk lamp with three brightness modes.,Black,DEMO-P013-V01,8800000000061
DEMO-P013,Focus LED Desk Lamp,BrightHome,Adjustable LED desk lamp with three brightness modes.,White,DEMO-P013-V02,8800000000062
DEMO-P013,Focus LED Desk Lamp,BrightHome,Adjustable LED desk lamp with three brightness modes.,Blue,DEMO-P013-V03,8800000000063
DEMO-P013,Focus LED Desk Lamp,BrightHome,Adjustable LED desk lamp with three brightness modes.,Silver,DEMO-P013-V04,8800000000064
DEMO-P013,Focus LED Desk Lamp,BrightHome,Adjustable LED desk lamp with three brightness modes.,Rose,DEMO-P013-V05,8800000000065
DEMO-P014,Comfort Yoga Mat,FitCore,Cushioned yoga mat with a textured non-slip surface.,Purple,DEMO-P014-V01,8800000000066
DEMO-P014,Comfort Yoga Mat,FitCore,Cushioned yoga mat with a textured non-slip surface.,Blue,DEMO-P014-V02,8800000000067
DEMO-P014,Comfort Yoga Mat,FitCore,Cushioned yoga mat with a textured non-slip surface.,Green,DEMO-P014-V03,8800000000068
DEMO-P014,Comfort Yoga Mat,FitCore,Cushioned yoga mat with a textured non-slip surface.,Black,DEMO-P014-V04,8800000000069
DEMO-P014,Comfort Yoga Mat,FitCore,Cushioned yoga mat with a textured non-slip surface.,Coral,DEMO-P014-V05,8800000000070
DEMO-P015,Resistance Band Set,FitCore,Five-level resistance band set for home workouts.,Light,DEMO-P015-V01,8800000000071
DEMO-P015,Resistance Band Set,FitCore,Five-level resistance band set for home workouts.,Medium,DEMO-P015-V02,8800000000072
DEMO-P015,Resistance Band Set,FitCore,Five-level resistance band set for home workouts.,Heavy,DEMO-P015-V03,8800000000073
DEMO-P015,Resistance Band Set,FitCore,Five-level resistance band set for home workouts.,Extra Heavy,DEMO-P015-V04,8800000000074
DEMO-P015,Resistance Band Set,FitCore,Five-level resistance band set for home workouts.,Five-Pack,DEMO-P015-V05,8800000000075
DEMO-P016,SoftTouch Bedsheet Set,HomeNest,Breathable bedsheet set with matching pillow covers.,Single Blue,DEMO-P016-V01,8800000000076
DEMO-P016,SoftTouch Bedsheet Set,HomeNest,Breathable bedsheet set with matching pillow covers.,Single Grey,DEMO-P016-V02,8800000000077
DEMO-P016,SoftTouch Bedsheet Set,HomeNest,Breathable bedsheet set with matching pillow covers.,Double Blue,DEMO-P016-V03,8800000000078
DEMO-P016,SoftTouch Bedsheet Set,HomeNest,Breathable bedsheet set with matching pillow covers.,Double Grey,DEMO-P016-V04,8800000000079
DEMO-P016,SoftTouch Bedsheet Set,HomeNest,Breathable bedsheet set with matching pillow covers.,King Beige,DEMO-P016-V05,8800000000080
DEMO-P017,FreshBox Storage Set,HomeNest,Stackable food-storage containers with locking lids.,Set of 3,DEMO-P017-V01,8800000000081
DEMO-P017,FreshBox Storage Set,HomeNest,Stackable food-storage containers with locking lids.,Set of 5,DEMO-P017-V02,8800000000082
DEMO-P017,FreshBox Storage Set,HomeNest,Stackable food-storage containers with locking lids.,Set of 7,DEMO-P017-V03,8800000000083
DEMO-P017,FreshBox Storage Set,HomeNest,Stackable food-storage containers with locking lids.,Set of 10,DEMO-P017-V04,8800000000084
DEMO-P017,FreshBox Storage Set,HomeNest,Stackable food-storage containers with locking lids.,Set of 12,DEMO-P017-V05,8800000000085
DEMO-P018,Daily Balance Face Wash,PureCare,Gentle daily cleanser suitable for normal skin.,50 ml,DEMO-P018-V01,8800000000086
DEMO-P018,Daily Balance Face Wash,PureCare,Gentle daily cleanser suitable for normal skin.,100 ml,DEMO-P018-V02,8800000000087
DEMO-P018,Daily Balance Face Wash,PureCare,Gentle daily cleanser suitable for normal skin.,150 ml,DEMO-P018-V03,8800000000088
DEMO-P018,Daily Balance Face Wash,PureCare,Gentle daily cleanser suitable for normal skin.,200 ml,DEMO-P018-V04,8800000000089
DEMO-P018,Daily Balance Face Wash,PureCare,Gentle daily cleanser suitable for normal skin.,Twin Pack 100 ml,DEMO-P018-V05,8800000000090
DEMO-P019,Nourish Daily Shampoo,PureCare,"Everyday shampoo formulated for clean, manageable hair.",100 ml,DEMO-P019-V01,8800000000091
DEMO-P019,Nourish Daily Shampoo,PureCare,"Everyday shampoo formulated for clean, manageable hair.",200 ml,DEMO-P019-V02,8800000000092
DEMO-P019,Nourish Daily Shampoo,PureCare,"Everyday shampoo formulated for clean, manageable hair.",340 ml,DEMO-P019-V03,8800000000093
DEMO-P019,Nourish Daily Shampoo,PureCare,"Everyday shampoo formulated for clean, manageable hair.",650 ml,DEMO-P019-V04,8800000000094
DEMO-P019,Nourish Daily Shampoo,PureCare,"Everyday shampoo formulated for clean, manageable hair.",Twin Pack 340 ml,DEMO-P019-V05,8800000000095
DEMO-P020,Campus Ruled Notebook,PaperTrail,Hard-cover ruled notebook for notes and planning.,A5 Black,DEMO-P020-V01,8800000000096
DEMO-P020,Campus Ruled Notebook,PaperTrail,Hard-cover ruled notebook for notes and planning.,A5 Blue,DEMO-P020-V02,8800000000097
DEMO-P020,Campus Ruled Notebook,PaperTrail,Hard-cover ruled notebook for notes and planning.,A5 Red,DEMO-P020-V03,8800000000098
DEMO-P020,Campus Ruled Notebook,PaperTrail,Hard-cover ruled notebook for notes and planning.,B5 Black,DEMO-P020-V04,8800000000099
DEMO-P020,Campus Ruled Notebook,PaperTrail,Hard-cover ruled notebook for notes and planning.,B5 Green,DEMO-P020-V05,8800000000100
